{"PREDICAO_DESAFIOQT(1) - Humberto Pereira.csv": 2008.958117, "PREDICAO_DESAFIOQT - Henrique Mota.csv": 2020.9580111806204, "PREDICAO_DESAFIOQT - Gleisson Bispo.csv": 2023.0256992114778, "PREDICAO_DESAFIOQT - Rhenan Queiroz.csv": 2023.0568393276099, "PREDICAO_DESAFIOQT - Rogerio Tomazela.csv": 2028.1842904461316, "PREDICAO_DESAFIOQT - Alex Keila.csv": 2028.5840996401885, "PREDICAO_DESAFIOQT - Daniela Barros.csv": 2029.1659374210305, "PREDICAO_DESAFIOQT - Victoria Tanaka.csv": 2029.2581763377973, "PREDICAO_DESAFIOQT - Renan Pereira de Figueiredo.csv": 2029.457172906237, "PREDICAO_DESAFIOQT - Patrick Chagas.csv": 2029.730915169531, "PREDICAO_DESAFIOQT - Pedro Zaterka.csv": 2029.8917558900353, "PREDICAO_DESAFIOQT - Pedro Avellar.csv": 2029.90260377709, "PREDICAO_DESAFIOQT - Rafael Mello.csv": 2030.1780322154261, "PREDICAO_DESAFIOQT - Augusto Hochleitner.csv": 2030.2991057116303, "PREDICAO_DESAFIOQT - Lara Moura.csv": 2030.3164561401718, "PREDICAO_DESAFIOQT - F\u00e1bio N. N. Dias Fatec.csv": 2030.5275576307868, "PREDICAO_DESAFIOQT - Jose Bezerra.csv": 2030.5275576307868, "PREDICAO_DESAFIOQT - Andre Mafei.csv": 2030.5275576307868, "PREDICAO_DESAFIOQT - Diogo Puppim de Oliveira.csv": 2030.5275576307868, "PREDICAO_DESAFIOQT - Bernardo dos Santos Neto.csv": 2030.8653112493362, "PREDICAO_DESAFIOQT - Filipe Careli.csv": 2030.8784611358392, "PREDICAO_DESAFIOQT - Thalita Souza.csv": 2030.8784611358392, "PREDICAO_DESAFIOQT - Julia Morone Drummond Alves.csv": 2030.8949709033004, "PREDICAO_DESAFIOQT - Hermino Barbosa.csv": 2030.9724185732548, "PREDICAO_DESAFIOQT - Leonardo Bisinoto.csv": 2031.6182006452407, "PREDICAO_DESAFIOQT - Lu\u00edza Bizoni.csv": 2031.7666544838403, "PREDICAO_DESAFIOQT - Ayrton Sergio.csv": 2031.9416275949172, "PREDICAO_DESAFIOQT - Mateus Fugita.csv": 2031.9416275949172, "PREDICAO_DESAFIOQT - Robert Portilho.csv": 2031.9416275949172, "PREDICAO_DESAFIOQT - Leonardo Mauro.csv": 2031.9416275949172, "PREDICAO_DESAFIOQT - Eduardo Renz.csv": 2031.9416275949172, "PREDICAO_DESAFIOQT - Matheus Rocha.csv": 2031.9416275949172, "PREDICAO_DESAFIOQT - Alex Souza.csv": 2031.9416275949177, "PREDICAO_DESAFIOQT - Giovani Leite.csv": 2032.026155112277, "PREDICAO_DESAFIOQT - Marcelo Silva.csv": 2032.462758425503, "PREDICAO_DESAFIOQT - fellype siqueira.csv": 2032.476320503359, "PREDICAO_DESAFIOQT - Lu\u00eds Augusto Yokota Rizzo.csv": 2032.9228660012384, "PREDICAO_DESAFIOQT - Luis Eduardo Oliveira.csv": 2033.3563071263761, "PREDICAO_DESAFIOQT - Gabriel Oliveira.csv": 2034.5704475336474, "PREDICAO_DESAFIOQT - Rodrigo Carvalho.csv": 2036.0352500355891, "PREDICAO_DESAFIOQT - Felipe Shi Wu.csv": 2036.5633246731404, "PREDICAO_DESAFIOQT - Diogo Telheiro do Nascimento.csv": 2037.2628773165702, "PREDICAO_DESAFIOQT - Rodrigo Eiti Kimura.csv": 2037.2882865676027, "PREDICAO_DESAFIOQT - Rodrigo Gon\u00e7alves.csv": 2037.3111010695168, "PREDICAO_DESAFIOQT - Lucas Datilio Carderelli.csv": 2037.5712039860994, "PREDICAO_DESAFIOQT - Johny W. Alves.csv": 2037.5712039860994, "PREDICAO_DESAFIOQT - Roberto Pungartnik.csv": 2037.6599527330327, "PREDICAO_DESAFIOQT - Leonardo.csv": 2037.770921434134, "PREDICAO_DESAFIOQT - Isaac Silva.csv": 2038.0043390933856, "PREDICAO_DESAFIOQT - Edilene Campos.csv": 2038.0043390933856, "PREDICAO_DESAFIOQT - Thiago Goncalves.csv": 2038.1303945046739, "PREDICAO_DESAFIOQT - Giulia Valvano.csv": 2038.3390377988621, "PREDICAO_DESAFIOQT - Bruno Fontana da Silva.csv": 2038.546219605783, "PREDICAO_DESAFIOQT - Mateus Alexandre.csv": 2038.7846017157208, "PREDICAO_DESAFIOQT - Lucas Alves.csv": 2039.2316734075862, "PREDICAO_DESAFIOQT - Thales Henrique Manarin.csv": 2039.75318643996, "PREDICAO_DESAFIOQT - Lucas Olini.csv": 2039.888784306658, "PREDICAO_DESAFIOQT - Lucas Bivar.csv": 2040.0460799172242, "PREDICAO_DESAFIOQT - Maycon Jean de Moura.csv": 2040.0554256216117, "PREDICAO_DESAFIOQT - Anderson P.csv": 2040.3283769916438, "PREDICAO_DESAFIOQT - Matheus Santos.csv": 2040.62052, "PREDICAO_DESAFIOQT - Lucas Verardo.csv": 2040.848846281379, "PREDICAO_DESAFIOQT - blank.csv": 2040.9731606751404, "PREDICAO_DESAFIOQT - \u00c1quilla Tavares.csv": 2041.13591309, "PREDICAO_DESAFIOQT - Filipe Brandolim.csv": 2041.1637164014473, "PREDICAO_DESAFIOQT - jhonatan souza.csv": 2041.2778908711884, "PREDICAO_DESAFIOQT - Rodrigo C\u00e2mara.csv": 2041.464602461176, "PREDICAO_DESAFIOQT - Thais Menegaldi.csv": 2042.5640258639023, "PREDICAO_DESAFIOQT - Mateus Broilo.csv": 2042.7003049044315, "PREDICAO_DESAFIOQT - Diego Villendel Rodrigues Rocha.csv": 2042.7013796170338, "PREDICAO_DESAFIOQT - Gustavo Gianotto Bratfisch.csv": 2042.7015554930833, "PREDICAO_DESAFIOQT - Paulo Henrique.csv": 2042.7016598399357, "PREDICAO_DESAFIOQT - Pedro Vin\u00edcius.csv": 2042.8466798850902, "PREDICAO_DESAFIOQT - Cleber Abreu.csv": 2043.226084381035, "PREDICAO_DESAFIOQT - Wellington Araujo Nogueira.csv": 2043.4077421568174, "PREDICAO_DESAFIOQT - Bruno Marques.csv": 2043.5393409136877, "PREDICAO_DESAFIOQT - William Teruo Onaka.csv": 2043.9400539866444, "PREDICAO_DESAFIOQT - Tiago Fernandes.csv": 2044.0760280673023, "PREDICAO_DESAFIOQT - Marcella Andrade.csv": 2044.5615300201946, "PREDICAO_DESAFIOQT - Marcus Leite.csv": 2045.0500166798606, "PREDICAO_DESAFIOQT - Lucas Pastana.csv": 2046.33868, "PREDICAO_DESAFIOQT - Ana Lopes.csv": 2046.4661543356397, "PREDICAO_DESAFIOQT - Robson Teixeira.csv": 2046.601275009735, "PREDICAO_DESAFIOQT - Matheus Bosa.csv": 2047.4847424494992, "PREDICAO_DESAFIOQT - Rodrigo Milan Calegari.csv": 2048.287645966086, "PREDICAO_DESAFIOQT - lucas Antonio Rodrigues.csv": 2048.406198624715, "PREDICAO_DESAFIOQT - Marcelo Rodrigues.csv": 2048.571308648949, "PREDICAO_DESAFIOQT - Guilherme Bedin.csv": 2049.2128018175645, "PREDICAO_DESAFIOQT - LILIANE LOUREN\u00c7A.csv": 2049.4092583632446, "PREDICAO_DESAFIOQT - Josaf\u00e1 Rebou\u00e7as.csv": 2049.785706040021, "PREDICAO_DESAFIOQT - Gamer Tech.csv": 2050.2130768843213, "PREDICAO_DESAFIOQT - Athos Moraes.csv": 2051.9395334775486, "PREDICAO_DESAFIOQT - Ot\u00e1vio Kamel.csv": 2052.192099149338, "PREDICAO_DESAFIOQT  - Guilherme Dorella.csv": 2052.330433579634, "PREDICAO_DESAFIOQT - C B.csv": 2052.357479762231, "PREDICAO_DESAFIOQT - Carlos Fernandes.csv": 2054.386590628507, "PREDICAO_DESAFIOQT - Emmanuel Sampaio.csv": 2054.956305513858, "PREDICAO_DESAFIOQT - Tiago Vianna.csv": 2057.235285886017, "PREDICAO_DESAFIOQT - Lucas Barbosa.csv": 2057.60305907, "PREDICAO_DESAFIOQT - Daniel Cabral.csv": 2058.2381297980405, "PREDICAO_DESAFIOQT - Edwaldo Rodrigues.csv": 2058.7613977476603, "PREDICAO_DESAFIOQT - David Albuquerque.csv": 2061.895380292239, "PREDICAO_DESAFIOQT - Andressa Kuibida.csv": 2062.46946557452, "PREDICAO_DESAFIOQT - Gabriel Cozzella.csv": 2063.817922482036, "PREDICAO_DESAFIOQT - Gustavo Ricarte.csv": 2063.854374484504, "PREDICAO_DESAFIOQT - Luiz Filho.csv": 2066.762713511461, "PREDICAO_DESAFIOQT - Charles Gabriel.csv": 2066.903434224128, "PREDICAO_DESAFIOQT - Jo\u00e3o Lopes.csv": 2069.8571933470225, "PREDICAO_DESAFIOQT - Jo\u00e3o Denis.csv": 2073.1868670793747, "PREDICAO_DESAFIOQT - Guilherme Muzzi da Rocha.csv": 2073.353905069605, "PREDICAO_DESAFIOQT - Arthur Torres Bai\u00e3o.csv": 2078.68227994807, "PREDICAO_DESAFIOQT - Bruno Dorneles.csv": 2079.3724409020538, "PREDICAO_DESAFIOQT - Danilo Galv\u00e3o.csv": 2079.5805163222653, "PREDICAO_DESAFIOQT - Rodrigo Costa Lomonaco.csv": 2079.61765742, "PREDICAO_DESAFIOQT - Francisco Altanizio.csv": 2080.7591354417973, "PREDICAO_DESAFIOQT - Camila S.csv": 2083.494844840414, "PREDICAO_DESAFIOQT - Leonardo Lachi Manetti.csv": 2083.5278931906732, "PREDICAO_DESAFIOQT - Vitor Rossini Gonzalez.csv": 2084.3576395782416, "PREDICAO_DESAFIOQT - Danilo Silva Santos.csv": 2085.4027199415764, "PREDICAO_DESAFIOQT - Daniel Serra.csv": 2087.6728754597216, "PREDICAO_DESAFIOQT - Paulo Andrade.csv": 2089.425853569544, "PREDICAO_DESAFIOQT - Tiago Pedrosa.csv": 2091.0066652942346, "PREDICAO_DESAFIOQT - Evandro Avellar.csv": 2091.042665223388, "PREDICAO_DESAFIOQT - Eduardo Ferreira.csv": 2091.21369657738,